Tipo,Subtipo,Booking Code,Name,Descrição,Serviço Inclui,Serviço Não Inclui,Valor
IBC Services,Pre-Designed Areas,11111,IBC Pre-Designed Area P22 - 22m2,Sala no IBC - 22m² (Office),"- Ponto de Energia Doméstico (3kVA)
- Televisão com CATV
- Mobiliário (2 Mesa + 4 Cadeiras)",- Ar condicionado,"U$15.800,00"
IBC Services,Pre-Designed Areas,11112,IBC Pre-Designed Area P27 - 27m2,Sala no IBC - 27m² (Office + Technical Room),"- Ponto de Energia Doméstico (3kVA)
- Ponto de Energia Broadcast (3kVA)
- Ponto de Energia para Ar Condicionado (3kVA)
- Televisão com CATV
- Mobiliário (2 Mesa + 4 Cadeiras)
- Ar Condicionado",,"U$35.900,00"
IBC Services,Pre-Designed Areas,11113,IBC Pre-Designed Area P45 - 45m2,Sala no IBC - 45m² (Office + Switcher + Radio Studio),"- Ponto de Energia Doméstico (3kVA)
- Ponto de Energia Broadcast (6kVA)
- Ponto de Energia para Ar Condicionado (5kVA)
- 2 Televisões com CATV
- Mobiliário (4 Mesa + 8 Cadeiras)
- Ar Condicionado",,"U$85.700,00"
IBC Services,Pre-Designed Areas,11114,IBC Pre-Designed Area P63 - 63m2	,Sala no IBC - 63m² (Office + Switcher + OFFtube + Edit),"- Ponto de Energia Doméstico (3kVA)
- Ponto de Energia Broadcast (9kVA)
- Ponto de Energia para Ar Condicionado (6kVA)
- Televisão com CATV (bookado por fora)
- Mobiliário (bookado por fora)
- Ar Condicionado",-Mobiliário e TVs bookado por fora,"U$114.700,00"
IBC Services,Pre-Designed Areas,11115,IBC Pre-Designed Area P81 - 81m2	,Sala no IBC - 81m² (Office + Switcher + OFFtube + Edit),"- Ponto de Energia Doméstico (6kVA)
- Ponto de Energia Broadcast (12kVA)
- Ponto de Energia para Ar Condicionado (9kVA)
- Televisão com CATV (bookado por fora)
- Mobiliário (bookado por fora)
- Ar Condicionado",-Mobiliário e TVs bookado por fora,"U$134.100,00"
IBC Services,Options for Pre-Designed Areas,11121,Additional Broadcast Technical Power - 3 kVA,Energia técnica (BTP) adicional para áreas pré-designadas.,- 3 kVA de Energia Técnica (BTP),-,"U$2.600,00"
IBC Services,Options for Pre-Designed Areas,11122,Additional Broadcast Technical Power - 9 kVA,Energia técnica (BTP) adicional para áreas pré-designadas.,- 9 kVA de Energia Técnica (BTP),-,"U$7.800,00"
IBC Services,Options for Pre-Designed Areas,11123,Additional Broadcast Technical Power - 21 kVA,Energia técnica (BTP) adicional para áreas pré-designadas.,- 21 kVA de Energia Técnica (BTP),-,"U$17.800,00"
IBC Services,Options for Pre-Designed Areas,11124,Additional Broadcast Technical Power - 40 kVA,Energia técnica (BTP) adicional para áreas pré-designadas.,- 40 kVA de Energia Técnica (BTP),-,"U$31.500,00"
IBC Services,Options for Pre-Designed Areas,11131,Additional Air Conditioning - 3 kW,Ar condicionado adicional para áreas pré-designadas.,- 3 kW de Ar Condicionado,-,"U$10.200,00"
IBC Services,Options for Pre-Designed Areas,11132,Additional Air Conditioning - 9 kW,Ar condicionado adicional para áreas pré-designadas.,- 9 kW de Ar Condicionado,-,"U$30.600,00"
IBC Services,Options for Pre-Designed Areas,11133,Additional Air Conditioning - 21 kW,Ar condicionado adicional para áreas pré-designadas.,- 21 kW de Ar Condicionado,-,"U$67.800,00"
IBC Services,Fully Customised Design,11211,IBC Customised Quote,Design totalmente customizado para áreas unilaterais no IBC.,- Suporte da equipe de arquitetos da HBS no processo de design,"- O preço é sob consulta, dependendo do design e dos requisitos",p.o.a
IBC Services,Live Multilateral Content,12111h,"IBC Multi-Feeds Package, 3G-SDI HDR (1080p59.94)","Pacote com 21 sinais de vídeo e áudio multilaterais para as partidas A, B, C e D.",- ESF - Team A - Team B - Fan & Reaction - ISO 5 (Stadium Beauty) - Sinal de referência Black Burst,- Feeds ISO adicionais (requerem MP Router Access),"U$26.100,00"
IBC Services,Live Multilateral Content,12111s,"IBC Multi-Feeds Package, 3G-SDI SDR (1080p59.94)","Pacote com 21 sinais de vídeo e áudio multilaterais para as partidas A, B, C e D.",- ESF - Team A - Team B - Fan & Reaction - ISO 5 (Stadium Beauty) - Sinal de referência Black Burst,- Feeds ISO adicionais (requerem MP Router Access),"U$26.100,00"
IBC Services,Stand-Alone Feeds,12121h,"ESF IBC Circuit, 3G-SDI HDR (1080p59.94)",Sinal principal da partida (Extended Stadium Feed) entregue na área unilateral no IBC.,"- 4 cabos paralelos para receber partidas simultâneas A, B, C e D",-,"U$6.300,00"
IBC Services,Stand-Alone Feeds,12121s,"ESF IBC Circuit, 3G-SDI SDR (1080p59.94)",Sinal principal da partida (Extended Stadium Feed) entregue na área unilateral no IBC.,"- 4 cabos paralelos para receber partidas simultâneas A, B, C e D",-,"U$6.300,00"
IBC Services,Stand-Alone Feeds,12121u,"ESF IBC Circuit, 12G-SDI HDR (2160p59.94)",Sinal principal da partida (Extended Stadium Feed) em UHD/4K entregue na área unilateral no IBC.,"- 4 cabos paralelos para receber partidas simultâneas A, B, C e D",-,"U$21.800,00"
IBC Services,Stand-Alone Feeds,12124h,"Team A & Team B Feeds IBC Circuit, 3G-SDI HDR (1080p59.94)","Sinais dedicados para cada time, incluindo entrevistas Multilateral Flash.","- 4 cabos paralelos para receber partidas simultâneas A, B, C e D",-,"U$7.500,00"
IBC Services,Stand-Alone Feeds,12124s,"Team A & Team B Feeds IBC Circuit, 3G-SDI SDR (1080p59.94)","Sinais dedicados para cada time, incluindo entrevistas Multilateral Flash.","- 4 cabos paralelos para receber partidas simultâneas A, B, C e D",-,"U$7.500,00"
IBC Services,Stand-Alone Feeds,12126h,"Fan & Reaction Feed IBC Circuit, 3G-SDI HDR (1080p59.94)",Feed dedicado com o melhor conteúdo de torcedores e as coletivas de imprensa pós-jogo.,"- 4 cabos paralelos para receber partidas simultâneas A, B, C e D",-,"U$6.300,00"
IBC Services,Stand-Alone Feeds,12126s,"Fan & Reaction Feed IBC Circuit, 3G-SDI SDR (1080p59.94)",Feed dedicado com o melhor conteúdo de torcedores e as coletivas de imprensa pós-jogo.,"- 4 cabos paralelos para receber partidas simultâneas A, B, C e D",-,"U$6.300,00"
IBC Services,Stand-Alone Feeds,12127h,"ISO 5 (Stadium Beauty) IBC Circuit, 3G-SDI HDR (1080p59.94)",Feed com imagens panorâmicas e de beleza do estádio.,"- 4 cabos paralelos para receber partidas simultâneas A, B, C e D",-,"U$6.300,00"
IBC Services,Stand-Alone Feeds,12127s,"ISO 5 (Stadium Beauty) IBC Circuit, 3G-SDI SDR (1080p59.94)",Feed com imagens panorâmicas e de beleza do estádio.,"- 4 cabos paralelos para receber partidas simultâneas A, B, C e D",-,"U$6.300,00"
IBC Services,Stand-Alone Feeds,12128h,"CSF IBC Circuit, 3G-SDI HDR (1080p59.94)",Sinal limpo da partida (Clean Stadium Feed) sem gráficos.,"- 4 cabos paralelos para receber partidas simultâneas A, B, C e D",-,"U$18.700,00"
IBC Services,Stand-Alone Feeds,12128s,"CSF IBC Circuit, 3G-SDI SDR (1080p59.94)",Sinal limpo da partida (Clean Stadium Feed) sem gráficos.,"- 4 cabos paralelos para receber partidas simultâneas A, B, C e D",-,"U$18.700,00"
IBC Services,Stand-Alone Feeds,12128u,"CSF IBC Circuit, 12G-SDI HDR (2160p59.94)","Sinal limpo da partida (Clean Stadium Feed) em UHD/4K, sem gráficos.","- 4 cabos paralelos para receber partidas simultâneas A, B, C e D",-,"U$31.100,00"
IBC Services,Stand-Alone Feeds,12129h,"Clips Action IBC Circuit, 3G-SDI HDR (1080p59.94)",Feed com os melhores ângulos dos momentos chave da partida.,"- 4 cabos paralelos para receber partidas simultâneas A, B, C e D",-,"U$15.000,00"
IBC Services,Stand-Alone Feeds,12129s,"Clips Action IBC Circuit, 3G-SDI SDR (1080p59.94)",Feed com os melhores ângulos dos momentos chave da partida.,"- 4 cabos paralelos para receber partidas simultâneas A, B, C e D",-,"U$15.000,00"
IBC Services,MP Router Access,121314h,"MP Router with 4 circuits, 3G-SDI HDR (1080p59.94)",Acesso a um roteador para selecionar até 4 feeds simultâneos de uma vasta gama de sinais adicionais.,"- Acesso a feeds ISO, coletivas de imprensa, treinos, etc.","- Feeds principais (ESF, Team A/B, etc.)","U$13.700,00"
IBC Services,MP Router Access,121318h,"MP Router with 8 circuits, 3G-SDI HDR (1080p59.94)",Acesso a um roteador para selecionar até 8 feeds simultâneos de uma vasta gama de sinais adicionais.,"- Acesso a feeds ISO, coletivas de imprensa, treinos, etc.","- Feeds principais (ESF, Team A/B, etc.)","U$16.200,00"
IBC Services,MP Router Access,12132h,"MP Router with 16 circuits, 3G-SDI HDR (1080p59.94)",Acesso a um roteador para selecionar até 16 feeds simultâneos de uma vasta gama de sinais adicionais.,"- Acesso a feeds ISO, coletivas de imprensa, treinos, etc.","- Feeds principais (ESF, Team A/B, etc.)","U$19.900,00"
IBC Services,MP Router Access,121334s,"MP Router with 4 circuits, 3G-SDI SDR (1080p59.94)",Acesso a um roteador para selecionar até 4 feeds simultâneos de uma vasta gama de sinais adicionais.,"- Acesso a feeds ISO, coletivas de imprensa, treinos, etc.","- Feeds principais (ESF, Team A/B, etc.)","U$13.700,00"
IBC Services,MP Router Access,121338s,"MP Router with 8 circuits, 3G-SDI SDR (1080p59.94)",Acesso a um roteador para selecionar até 8 feeds simultâneos de uma vasta gama de sinais adicionais.,"- Acesso a feeds ISO, coletivas de imprensa, treinos, etc.","- Feeds principais (ESF, Team A/B, etc.)","U$16.200,00"
IBC Services,MP Router Access,12134s,"MP Router with 16 circuits, 3G-SDI SDR (1080p59.94)",Acesso a um roteador para selecionar até 16 feeds simultâneos de uma vasta gama de sinais adicionais.,"- Acesso a feeds ISO, coletivas de imprensa, treinos, etc.","- Feeds principais (ESF, Team A/B, etc.)","U$19.900,00"
IBC Services,Audio Only Content,12141,MADI Multilateral Sound Package,Pacote de áudio multilateral distribuído em formato MADI.,- Áudio das Coletivas de Imprensa - RIS (Radio International Sound) - Áudio dos Feeds Team A & B - Microfones e Stems ISO selecionados,- Áudio das entrevistas Multilateral Flash pós-jogo,"U$7.000,00"
IBC Services,Audio Only Content,12145,Analogue Radio International Sound Package,"Pacote de som internacional para rádio, distribuído via cabeamento analógico.",- RIS (estéreo) - Áudio da Coletiva de Imprensa (mono),- Áudio das entrevistas Multilateral Flash pós-jogo,"U$6.300,00"
IBC Services,Unilateral Circuits,12211h,"Switchable Incoming VandA, 3G-SDI HDR (1080p59.94)","Circuito de vídeo e áudio de entrada, chaveável, do MCR da HBS para a área unilateral.",-,-,"U$5.600,00"
IBC Services,Unilateral Circuits,12211s,"Switchable Incoming VandA, 3G-SDI SDR (1080p59.94)","Circuito de vídeo e áudio de entrada, chaveável, do MCR da HBS para a área unilateral.",-,-,"U$5.600,00"
IBC Services,Unilateral Circuits,12211z,"Switchable Incoming VandA, HD-SDI SDR (1080i59.94)","Circuito de vídeo e áudio de entrada, chaveável, do MCR da HBS para a área unilateral.",-,-,"U$5.600,00"
IBC Services,Unilateral Circuits,12213h,"Switchable Outgoing VandA, 3G-SDI HDR (1080p59.94)","Circuito de vídeo e áudio de saída, chaveável, da área unilateral para o MCR da HBS.",-,-,"U$5.600,00"
IBC Services,Unilateral Circuits,12213s,"Switchable Outgoing VandA, 3G-SDI SDR (1080p59.94)","Circuito de vídeo e áudio de saída, chaveável, da área unilateral para o MCR da HBS.",-,-,"U$5.600,00"
IBC Services,Unilateral Circuits,12213z,"Switchable Outgoing VandA, HD-SDI SDR (1080i59.94)","Circuito de vídeo e áudio de saída, chaveável, da área unilateral para o MCR da HBS.",-,-,"U$5.600,00"
IBC Services,Unilateral Circuits,12221,Switchable Gigabit Ethernet Circuit Extension,Extensão de circuito de dados GbE dos Venues para a área unilateral no IBC.,- Conexão de fibra monomodo,-,"U$2.500,00"
IBC Services,Unilateral Circuits,12231,MADI Commentary and Coordination Circuit Extension - 16 MADI Channels,Extensão de circuito de comentário e coordenação com 16 canais MADI.,"- 2x 4-wire (comentário/coord) para cada partida (A,B,C,D) - 1x 4-wire de coordenação com o CSC",-,"U$3.000,00"
IBC Services,Unilateral Circuits,12232,MADI Commentary and Coordination Circuit Extension - 24 MADI Channels,Extensão de circuito de comentário e coordenação com 24 canais MADI.,"- 2x 4-wire + 3x sinais discretos para cada partida (A,B,C,D) - 1x 4-wire de coordenação com o CSC",-,"U$4.500,00"
IBC Services,Unilateral Circuits,12233,MADI Commentary and Coordination Circuit Extension - 40 MADI Channels,Extensão de circuito de comentário e coordenação com 40 canais MADI.,"- 4x 4-wire + 4x sinais discretos para cada partida (A,B,C,D) - 1x 4-wire de coordenação com o CSC",-,"U$7.500,00"
IBC Services,Unilateral Circuits,12234,MADI Coordination with MCR at the IBC,Circuito de coordenação 4-wire entre a área unilateral e o MCR via canal MADI dedicado.,-,-,"U$320,00"
IBC Services,Unilateral Circuits,12235,Back-Up PGM Commentary for the MADI extension - Analogue Interface,Circuito de backup analógico para o áudio de programa (PGM) do comentário.,"- Saída PGM para as partidas A, B, C e D",-,"U$2.000,00"
IBC Services,Unilateral Circuits,12236,Analogue Commentary + Coordination Circuit Extension,Extensão de circuito de comentário e coordenação analógico.,"- 2x 4-wire (comentário/coord) para cada partida (A,B,C,D) - 1x 4-wire de coordenação com o CSC",-,"U$3.800,00"
IBC Services,Unilateral Circuits,12237,Analogue Coordination with MCR at the IBC,Circuito de coordenação 4-wire analógico entre a área unilateral e o MCR.,-,-,"U$420,00"
IBC Services,Unilateral Circuits,12238,Analogue Additional IBC Circuit Extension (1 x 4-wire),Circuito 4-wire analógico adicional entre o CSC e a área unilateral.,- Chaveamento no CSC,-,"U$630,00"
IBC Services,Unilateral Circuits,12241h,"Permanent Incoming VandA, 3G-SDI HDR (1080p59.94)",Circuito permanente de vídeo e áudio de entrada da Sala de Telecom para a área unilateral.,- Conexão para a duração do torneio,- Não passa pelo roteador,"U$1.900,00"
IBC Services,Unilateral Circuits,12241s,"Permanent Incoming VandA, 3G-SDI SDR (1080p59.94)",Circuito permanente de vídeo e áudio de entrada da Sala de Telecom para a área unilateral.,- Conexão para a duração do torneio,- Não passa pelo roteador,"U$1.900,00"
IBC Services,Unilateral Circuits,12241z,"Permanent Incoming VandA, HD-SDI SDR (1080i59.94)",Circuito permanente de vídeo e áudio de entrada da Sala de Telecom para a área unilateral.,- Conexão para a duração do torneio,- Não passa pelo roteador,"U$1.900,00"
IBC Services,Unilateral Circuits,12243h,"Permanent Outgoing VandA, 3G-SDI HDR (1080p59.94)",Circuito permanente de vídeo e áudio de saída da área unilateral para a Sala de Telecom.,- Conexão para a duração do torneio,- Não passa pelo roteador,"U$1.900,00"
IBC Services,Unilateral Circuits,12243s,"Permanent Outgoing VandA, 3G-SDI SDR (1080p59.94)",Circuito permanente de vídeo e áudio de saída da área unilateral para a Sala de Telecom.,- Conexão para a duração do torneio,- Não passa pelo roteador,"U$1.900,00"
IBC Services,Unilateral Circuits,12243z,"Permanent Outgoing VandA, HD-SDI SDR (1080i59.94)",Circuito permanente de vídeo e áudio de saída da área unilateral para a Sala de Telecom.,- Conexão para a duração do torneio,- Não passa pelo roteador,"U$1.900,00"
IBC Services,Unilateral Circuits,12245,Permanent Gigabit Ethernet Circuit Extension,Circuito de dados GbE permanente entre a área unilateral e o MCR.,-,- Não há chaveamento neste circuito,"U$1.300,00"
IBC Services,Unilateral Circuits,12247,Analogue Coordination with MCR at the IBC - stand alone,Circuito 4-wire permanente e autônomo entre a área unilateral e o MCR.,- Cabeamento e conexão ao MCR,- Unidade de talk-back na área do MP,"U$630,00"
IBC Services,Unilateral Circuits,12251,"Dark Fibre, Single Mode, 4-core",Conexão de fibra óptica (4 núcleos) entre áreas técnicas de diferentes MPs.,-,-,"U$3.000,00"
IBC Services,Unilateral Circuits,12252,"Dark Fibre, Single Mode, 12-core",Conexão de fibra óptica (12 núcleos) entre áreas técnicas de diferentes MPs.,-,-,"U$5.600,00"
IBC Services,Unilateral Circuits,12257,Video Tie-Line,Cabo de vídeo ligando duas áreas técnicas de MPs dentro do IBC.,-,-,"U$900,00"
IBC Services,Unilateral Circuits,12259,Audio Tie-Line,Cabo de áudio (2 pares) ligando duas áreas técnicas de MPs dentro do IBC.,-,-,"U$630,00"
IBC Services,IBC Unilateral Graphics,13111h,"IBC 2D Own-(Latin char.) Language Graphics, Keyed onto composite CSF, 3G-SDI HDR","Versão customizada do ESF com gráficos no idioma do parceiro, já inseridos (keyed) no sinal.",- Cabeamento coaxial - Design dos gráficos - Monitoramento e Suporte Técnico,-,"U$121.200,00"
IBC Services,IBC Unilateral Graphics,13111s,"IBC 2D Own-(Latin char.) Language Graphics, Keyed onto composite CSF, 3G-SDI SDR","Versão customizada do ESF com gráficos no idioma do parceiro, já inseridos (keyed) no sinal.",- Cabeamento coaxial - Design dos gráficos - Monitoramento e Suporte Técnico,-,"U$121.200,00"
IBC Services,IBC Unilateral Graphics,13121h,"IBC 2D Own-(Latin char.) Language Graphics, Key & Fill, 3G-SDI HDR (1080p59.94) - all matches",Gráficos no idioma do parceiro entregues como sinais Key e Fill para inserção própria sobre o CSF.,- Cabeamento coaxial - Feed de preview dos gráficos - Design dos gráficos - Monitoramento e Suporte Técnico,- Sinal Clean Feed (CSF) não está incluso e deve ser pedido separadamente,"U$117.900,00"
IBC Services,IBC Unilateral Graphics,13121s,"IBC 2D Own-(Latin char.) Language Graphics, Key & Fill, 3G-SDI SDR (1080p59.94) - all matches",Gráficos no idioma do parceiro entregues como sinais Key e Fill para inserção própria sobre o CSF.,- Cabeamento coaxial - Feed de preview dos gráficos - Design dos gráficos - Monitoramento e Suporte Técnico,- Sinal Clean Feed (CSF) não está incluso e deve ser pedido separadamente,"U$117.900,00"
IBC Services,IBC Unilateral Graphics,13131,IBC Permanent Clock & Score all matches,Opção para gráficos unilaterais: placar e cronômetro permanentes na tela.,-,- Só pode ser reservado em conjunto com os serviços 13111 ou 13121,free of charge
IBC Services,IBC Unilateral Graphics,13133,IBC Permanent Clock & Score Customised Format all matches,Opção para gráficos unilaterais: formato customizado para placar e cronômetro.,-,- Só pode ser reservado em conjunto com os serviços 13111 ou 13121,p.o.a
IBC Services,IBC Unilateral Graphics,13135,IBC Clock & Score with On-Screen Sponsor Credit - all matches,Opção para gráficos unilaterais: placar e cronômetro com crédito de patrocinador.,-,- Só pode ser reservado em conjunto com os serviços 13111 ou 13121,p.o.a
IBC Services,CATV Distribution,13211,TV Set medium size including CATV Access,"Acesso ao sistema de CATV do IBC, incluindo um aparelho de TV de tamanho médio.",- Conector F para o sistema CATV - Aparelho de TV HD,-,"U$800,00"
IBC Services,CATV Distribution,13213,TV Set large size including CATV Access,"Acesso ao sistema de CATV do IBC, incluindo um aparelho de TV de tamanho grande.",- Conector F para o sistema CATV - Aparelho de TV HD,-,"U$1.200,00"
IBC Services,CATV Distribution,13215,CATV Access Only,Acesso ao sistema de CATV do IBC para uso com TV própria.,- Conector F para o sistema CATV,"- Aparelho de TV (o parceiro deve usar o seu, compatível com DVB-C)","U$300,00"
IBC Services,Commentary Services,14111,IBC Dedicated Off-Tube Commentary Booth with IP Codec event duration,Cabine de comentário off-tube dedicada para um MP durante todo o evento.,- Cabine de ~2m² com mesa e 2 cadeiras - Unidade de comentário com codec IP - 1 TV set com CATV,- Headsets,"U$15.000,00"
IBC Services,Commentary Services,14115,IBC Bookable Off-Tube Commentary Booth with IP Codec per match,Cabine de comentário off-tube disponível para reserva por partida.,- Cabine de ~2m² com mesa e 2 cadeiras - Unidade de comentário com codec IP - 1 TV set com CATV,- Headsets,"U$1.400,00"
IBC Services,Satellite Farm,15111,Basic Satellite Farm Space for SNG or Antenna,Espaço no Satellite Farm para SNG ou antena.,- Espaço de aprox. 40 m² - Gerenciamento e suporte do Satellite Farm,"- Cabeamento de vídeo/áudio e energia (BTP), que devem ser pedidos separadamente","U$6.000,00"
IBC Services,Satellite Farm,15121,IBC Satellite Farm Single Cabin,Cabine permanente (unidade simples) no Satellite Farm.,- Mobiliário básico - Iluminação de escritório - Energia Doméstica (BDP) - Ar condicionado,- É necessário reservar um espaço no Satellite Farm (item 15111) em paralelo,TBD
IBC Services,Satellite Farm,15125,IBC Satellite Farm Double Cabin,Cabine permanente (unidade dupla) no Satellite Farm.,- Mobiliário básico - Iluminação de escritório - Energia Doméstica (BDP) - Ar condicionado,- É necessário reservar um espaço no Satellite Farm (item 15111) em paralelo,TBD
IBC Services,Satellite Farm,15135,"Dark Fibre from MP Area to Satellite Farm, Single Mode, 4-core",Conexão de fibra óptica (4 núcleos) da área unilateral do MP para suas instalações no Satellite Farm.,-,-,"U$3.360,00"
IBC Services,Satellite Farm,15136,"Dark Fibre from MP Area to Satellite Farm, Single Mode, 12-core",Conexão de fibra óptica (12 núcleos) da área unilateral do MP para suas instalações no Satellite Farm.,-,-,"U$6.590,00"
IBC Services,Satellite Farm,15141,Broadcast Technical Power at the Sat Farm - 3 kVA,Energia técnica (BTP) no Satellite Farm.,- 3 kVA de BTP,-,"U$2.600,00"
IBC Services,Satellite Farm,15142,Broadcast Technical Power at the Sat Farm - 9 kVA,Energia técnica (BTP) no Satellite Farm.,- 9 kVA de BTP,-,"U$7.800,00"
IBC Services,Satellite Farm,15143,Broadcast Technical Power at the Sat Farm - 21 kVA,Energia técnica (BTP) no Satellite Farm.,- 21 kVA de BTP,-,"U$17.800,00"
IBC Services,Satellite Farm,15144,Broadcast Technical Power at the Sat Farm - 40 kVA,Energia técnica (BTP) no Satellite Farm.,- 40 kVA de BTP,-,"U$31.500,00"
IBC Services,IBC Parking,15211,IBC Parking Access - per car,Vaga de estacionamento para carro no IBC.,-,-,TBD
IBC Services,IBC Parking,15213,IBC Parking Access - per minivan,Vaga de estacionamento para minivan no IBC.,-,-,TBD
IBC Services,IBC Parking,15215,IBC Parking Access - per bus,Vaga de estacionamento para ônibus no IBC.,-,-,TBD
Venue Services,Commentary Positions,21111,Regular Commentary Position routed to Broadcast Compound - per match,"Posição de comentário (3 assentos) na tribuna, por partida, com sinal roteado para o compound.",- Mesa para 3 pessoas - Unidade de comentário - 2 circuitos 4-wire para comentário e coordenação - 1 TV set com CATV - Energia Técnica 0.5 kVA - Conexão de internet compartilhada,- Headsets,"U$4.400,00"
Venue Services,Commentary Positions,21113,Regular Commentary Position routed to the IBC per match,"Posição de comentário (3 assentos) na tribuna, por partida, com sinal roteado para o IBC.",- Mesa para 3 pessoas - Unidade de comentário - 2 circuitos 4-wire para comentário e coordenação - 1 TV set com CATV - Energia Técnica 0.5 kVA - Conexão de internet compartilhada,- Headsets,"U$4.600,00"
Venue Services,Commentary Positions,21115,Regular Commentary Position with IBC IP Turnaround per match,Posição de comentário (3 assentos) com turnaround de IP no IBC para o país de origem.,- Mesa para 3 pessoas - Unidade de comentário - 2 circuitos 4-wire - TV com CATV - Energia 0.5 kVA - Internet compartilhada - Codec IP para turnaround no IBC,- Headsets,"U$4.900,00"
Venue Services,Commentary Camera,21121s,"Commentary Camera, tribune oriented, 3G-SDI SDR (1080p59.94) - per match","Câmera remota na posição de comentário, virada para a tribuna.",- 1 câmera controlada remotamente - Controle remoto - Iluminação apropriada,- Uso durante a partida não é permitido,"U$4.500,00"
Venue Services,Commentary Camera,21121z,"Commentary Camera, tribune oriented, HD-SDI SDR (1080i59.94) - per match","Câmera remota na posição de comentário, virada para a tribuna.",- 1 câmera controlada remotamente - Controle remoto - Iluminação apropriada,- Uso durante a partida não é permitido,"U$4.500,00"
Venue Services,Commentary Camera,21123s,"Commentary Camera, pitch oriented, 3G-SDI SDR (1080p59.94) - per match","Câmera remota na posição de comentário, virada para o campo.",- 1 câmera controlada remotamente - Controle remoto - Iluminação apropriada,- Uso durante a partida não é permitido,"U$4.500,00"
Venue Services,Commentary Camera,21123z,"Commentary Camera, pitch oriented, HD-SDI SDR (1080i59.94) - per match","Câmera remota na posição de comentário, virada para o campo.",- 1 câmera controlada remotamente - Controle remoto - Iluminação apropriada,- Uso durante a partida não é permitido,"U$4.500,00"
Venue Services,Commentary Camera,21125s,"Commentary Camera and associated circuit to IBC 3G-SDI SDR (1080p59.94), tribune oriented per match",Câmera remota (virada para a tribuna) com circuito de transmissão para o IBC.,- Câmera remota com iluminação - Circuito Unilateral VandA para o IBC,- Uso durante a partida não é permitido,"U$7.250,00"
Venue Services,Commentary Camera,21125z,"Commentary Camera and associated circuit to IBC HD-SDI SDR (1080i59.94), tribune oriented per match",Câmera remota (virada para a tribuna) com circuito de transmissão para o IBC.,- Câmera remota com iluminação - Circuito Unilateral VandA para o IBC,- Uso durante a partida não é permitido,"U$7.250,00"
Venue Services,Commentary Camera,21127s,"Commentary Camera and associated circuit to IBC 3G-SDI SDR (1080p59.94), pitch oriented - per match",Câmera remota (virada para o campo) com circuito de transmissão para o IBC.,- Câmera remota com iluminação - Circuito Unilateral VandA para o IBC,- Uso durante a partida não é permitido,"U$7.250,00"
Venue Services,Commentary Camera,21127z,"Commentary Camera and associated circuit to IBC HD-SDI SDR (1080i59.94), pitch oriented per match",Câmera remota (virada para o campo) com circuito de transmissão para o IBC.,- Câmera remota com iluminação - Circuito Unilateral VandA para o IBC,- Uso durante a partida não é permitido,"U$7.250,00"
Venue Services,Options for Commentary,21141,CIR to Commentary Position SDI Video return - per match,Linha de retorno de vídeo (tie-line) da sala de interconexão de cabos (CIR) para a posição de comentário.,-,-,"U$300,00"
Venue Services,Options for Commentary,21143,Audio Circuit from Commentary Position to CIR - per match,Linha de áudio (tie-line) da posição de comentário para a sala de interconexão de cabos (CIR).,-,-,"U$200,00"
Venue Services,Options for Commentary,21144,Audio Circuit from CIR to Commentary Position - per match,Linha de áudio (tie-line) da sala de interconexão de cabos (CIR) para a posição de comentário.,-,-,"U$200,00"
Venue Services,Options for Commentary,21145,Delivery of the Split of Microphones and Additional Coordination at the CIR,Entrega dos sinais de microfone separados e coordenação adicional na sala de interconexão de cabos (CIR).,-,-,"U$470,00"
Venue Services,Options for Commentary,21146,"Delivery of the Split of Microphones (A, B and Guest) at the IBC","Entrega dos sinais de microfone separados (A, B e convidado) no IBC.",-,-,"U$250,00"
Venue Services,Options for Commentary,21148,Delivery of the Commentary Unit Additional Coordination 2&3 at the IBC,Entrega dos sinais de coordenação adicionais (2 e 3) da unidade de comentário no IBC.,-,-,"U$250,00"
Venue Services,Radio Position,21151,Radio Position with Internet Access for IP Audio Codec - per match,"Posição parcialmente equipada para 1 pessoa na tribuna, para rádios com equipamento próprio.",- Mesa para 1 pessoa - Acesso à Internet de 10 Mbps para Codec de Áudio IP - Energia Técnica 0.25 kVA - 1 TV set com CATV - Acesso à internet compartilhada,-,"U$1.600,00"
Venue Services,Radio Position,21155,Extended Radio Position with Internet Access for IP Audio Codec per match,"Posição parcialmente equipada para até 3 pessoas na tribuna, para rádios com equipamento próprio.",- Mesa para até 3 pessoas - Acesso à Internet de 10 Mbps para Codec de Áudio IP - Energia Técnica 0.5 kVA - 1 TV set com CATV - Acesso à internet compartilhada,-,"U$3.200,00"
Venue Services,Options for Radio Position,21161,"International Sound for Radio Position, Mono per match",Som internacional (RIS) em mono para posições de rádio.,-,-,"U$250,00"
Venue Services,Options for Radio Position,21165,"International Sound for Radio Position, Stereo - per match",Som internacional (RIS) em estéreo para posições de rádio.,-,-,"U$300,00"
Venue Services,Social Media Desk,21171,Social Media Desk - per match,Mesa na tribuna de imprensa para jornalistas de mídias sociais.,- Mesa para 1 pessoa - Energia Técnica 0.25 kVA - 1 TV set com CATV - Acesso à internet compartilhada,-,"U$500,00"
Venue Services,Multilateral Interviews,21211,Player Arrival Multilateral Interview Position - per match,Posição para entrevista multilateral com um jogador na chegada do ônibus da equipe.,"- Acesso para um repórter - Câmera, microfone e iluminação",- Repórter não pode aparecer na câmera,free of charge
Venue Services,Multilateral Interviews,21212,Coach Pre-Warmup Multilateral Interview Position - per match,Posição para entrevista multilateral com o técnico antes do aquecimento.,"- Acesso para um repórter - Câmera, microfone e iluminação",- Repórter não pode aparecer na câmera,free of charge
Venue Services,Multilateral Interviews,21213,Half-Time Multilateral Flash Interview Position - per match,Posição para entrevista multilateral com o técnico no intervalo.,"- Acesso para um repórter - Câmera, microfone e iluminação",- Repórter não pode aparecer na câmera,free of charge
Venue Services,Multilateral Interviews,21215,Full-Time Multilateral Flash Interview Position per match,Posição para entrevista multilateral com técnico e um jogador ao final da partida.,"- Acesso para um repórter - Câmera, microfone e iluminação",- Repórter não pode aparecer na câmera,free of charge
Venue Services,Fully Equipped Positions,21221,Dressing Room Stand-Up Position - per match,Posição para stand-up no vestiário antes da chegada da equipe.,"- Acesso para um repórter - Câmera, microfone e iluminação",- Sinal é entregue com atraso nos feeds unilaterais,"U$1.500,00"
Venue Services,Fully Equipped Positions,21223,Pitch-Side Announce Position Fully Equipped per 10 minutes,Posição totalmente equipada na lateral do campo para stand-ups pré-jogo em slots de 10 minutos.,"- Acesso para até 3 pessoas - Câmera, microfones e iluminação - Sinal entregue ao vivo nos feeds Unilateral Fully Equipped",-,"U$2.200,00"
Venue Services,Fully Equipped Positions,21225,Post-Match Unilateral Flash Interview Position Fully Equipped per match,Posição totalmente equipada e compartilhada para entrevistas unilaterais pós-jogo.,"- Acesso para um repórter - Câmera, microfone e iluminação - Sinal entregue ao vivo nos feeds Unilateral Fully Equipped",- Sem horário agendado (primeiro a chegar),"U$1.900,00"
Venue Services,Partially/Non-Equipped,21311,Outside Announce Position - per match,Posição parcialmente equipada do lado de fora do estádio com vista para a chegada dos torcedores.,- Acesso para até 4 pessoas - Pré-cabeamento de fibra para o CIR - Iluminação de TV - Energia Técnica 1.5 kVA,- Equipamento de câmera deve ser fornecido pelo MP,"U$2.000,00"
Venue Services,Partially/Non-Equipped,21321,Presentation Studio per match,"Estúdio de apresentação (aprox. 25 m²) com vista para o campo, localizado nas arquibancadas.",- Acesso conforme plano de produção - Pré-cabeamento de fibra para o CIR - Energia Técnica 7.5 kVA - Grid de iluminação - Ar condicionado,- Outros equipamentos devem ser fornecidos pelo MP,"U$17.000,00"
Venue Services,Partially/Non-Equipped,21323,Presentation Platform - per match,Plataforma de apresentação (aprox. 5m x 5m) com vista para o campo.,- Acesso conforme plano de produção - Pré-cabeamento de fibra para o CIR - Energia Técnica 6 kVA,"- Equipamento (câmeras, iluminação) deve ser fornecido pelo MP","U$10.590,00"
Venue Services,Partially/Non-Equipped,21325,Announce Platform - per match,Posição de anúncio (mín. 2.5m x 5m) nas arquibancadas com vista para o estádio.,- Acesso para até 4 pessoas - Pré-cabeamento de fibra para o CIR - Energia Técnica 3 kVA,"- Equipamento (câmera, iluminação) deve ser fornecido pelo MP","U$5.300,00"
Venue Services,Partially/Non-Equipped,21331,"Guest Arrival Carpet Position, Non-Equipped per match",Posição não equipada na área de chegada de VVIPs para filmar/entrevistar convidados.,- Acesso para até 3 pessoas,- Equipamento deve ser fornecido pelo MP,"U$300,00"
Venue Services,Partially/Non-Equipped,21341,"Team Bus Arrival Position, Non-Equipped per match",Posição não equipada para filmar a chegada dos ônibus das equipes.,- Acesso para até 2 pessoas,- Equipamento deve ser fornecido pelo MP - Entrevistas não são permitidas,free of charge
Venue Services,Pitch Level Positions,21351a,"Presentation Position - Behind Goal, Partially Equipped, Group Stage - per match","Posição de apresentação atrás do gol, parcialmente equipada (Fase de Grupos).",- Acesso para até 4 pessoas - Pré-cabeamento de fibra para o CIR - Energia Técnica 1.5 kVA,- Equipamento deve ser fornecido pelo MP,"U$3.500,00"
Venue Services,Pitch Level Positions,21351b,"Presentation Position - Behind Goal, Partially Equipped, Knockout Stage - per match","Posição de apresentação atrás do gol, parcialmente equipada (Fase Eliminatória).",- Acesso para até 4 pessoas - Pré-cabeamento de fibra para o CIR - Energia Técnica 1.5 kVA,- Equipamento deve ser fornecido pelo MP,"U$4.100,00"
Venue Services,Pitch Level Positions,21352a,"Presentation Position - Touchline, Partially Equipped, Group Stage - per match","Posição de apresentação na linha lateral, parcialmente equipada (Fase de Grupos).",- Acesso para até 4 pessoas - Pré-cabeamento de fibra para o CIR - Energia Técnica 1.5 kVA,- Equipamento deve ser fornecido pelo MP,"U$3.500,00"
Venue Services,Pitch Level Positions,21352b,"Presentation Position - Touchline, Partially Equipped, Knockout Stage - per match","Posição de apresentação na linha lateral, parcialmente equipada (Fase Eliminatória).",- Acesso para até 4 pessoas - Pré-cabeamento de fibra para o CIR - Energia Técnica 1.5 kVA,- Equipamento deve ser fornecido pelo MP,"U$4.100,00"
Venue Services,Pitch Level Positions,21353,Presentation Position - Touchline (for Bonding Technology) - Partially Equipped - per 10 minutes,Posição na linha lateral para stand-ups pré-jogo (slots de 10 min) usando tecnologia de bonding.,- Acesso para até 3 pessoas - Acesso à Internet de 20 Mbps durante o slot - Iluminação de TV,-,"U$1.600,00"
Venue Services,Pitch Level Positions,21354,"Centre Circle Stand-Up Position during Warm-Up, Non-Equipped - per match",Posição não equipada no círculo central para um breve stand-up durante o aquecimento das equipes.,- Acesso para até 4 pessoas,- Equipamento e conectividade são responsabilidade do MP,"U$450,00"
Venue Services,Pitch Level Positions,21355,"Teams Onto Pitch - Presentation Position, Non-Equipped per match",Posição não equipada para stand-up enquanto as equipes entram em campo.,- Acesso para até 2 pessoas,- Equipamento e conectividade são responsabilidade do MP,"U$450,00"
Venue Services,Pitch Level Positions,21356,TV Pitch Reporter Position - Team Benches per match,Posição somente de áudio para repórter de campo perto dos bancos de reservas.,- Acesso para um repórter - 2 tie-lines de áudio analógico para a posição de comentário - Energia Técnica 1.5 kVA,- Entrevistas não são permitidas,"U$450,00"
Venue Services,Pitch Level Positions,21357,TV Pitch Reporter Position - Behind Goal - per match,Posição somente de áudio para repórter de campo atrás dos gols.,- Acesso para um repórter - 2 tie-lines de áudio analógico para a posição de comentário - Energia Técnica 1.5 kVA,- Entrevistas não são permitidas,"U$450,00"
Venue Services,Pitch Level Positions,21358,Radio Pitch Reporter Position - Behind Goal per match,Posição somente de áudio para repórter de rádio atrás dos gols.,- Acesso para um repórter - 2 tie-lines de áudio analógico para a posição de comentário - Energia Técnica 1.5 kVA,- Entrevistas não são permitidas,"U$250,00"
Venue Services,Post-Match Interviews,21361a,"Post-Match Unilateral Flash Interview TV Position, Partially Equipped, Group Stage - per match",Posição parcialmente equipada para entrevistas unilaterais de TV pós-jogo (Fase de Grupos).,- Acesso para até 3 pessoas - Pré-cabeamento de fibra para o CIR - Iluminação e backdrop - Energia Técnica 1.5 kVA,- Equipamento deve ser fornecido pelo MP,"U$1.100,00"
Venue Services,Post-Match Interviews,21361b,"Post-Match Unilateral Flash Interview TV Position, Partially Equipped, Knockout Stage - per match",Posição parcialmente equipada para entrevistas unilaterais de TV pós-jogo (Fase Eliminatória).,- Acesso para até 3 pessoas - Pré-cabeamento de fibra para o CIR - Iluminação e backdrop - Energia Técnica 1.5 kVA,- Equipamento deve ser fornecido pelo MP,"U$1.400,00"
Venue Services,Post-Match Interviews,21362a,"Post-Match Unilateral Flash Interview Radio Position, Group Stage - per match",Posição para entrevistas unilaterais de rádio pós-jogo (Fase de Grupos).,- Acesso para 1 repórter - Acesso à Internet de 10 Mbps para Codec de Áudio IP - Energia Técnica 1.5 kVA,-,"U$600,00"
Venue Services,Post-Match Interviews,21362b,"Post-Match Unilateral Flash Interview Radio Position, Knockout Stage per match",Posição para entrevistas unilaterais de rádio pós-jogo (Fase Eliminatória).,- Acesso para 1 repórter - Acesso à Internet de 10 Mbps para Codec de Áudio IP - Energia Técnica 1.5 kVA,-,"U$800,00"
Venue Services,Press Conference,21366,Pre-Cabled Press Conference Camera Position per match,Posição pré-cabeda na plataforma de câmeras da coletiva de imprensa.,- Acesso para 1 operador de câmera - Pré-cabeamento de fibra para o CIR - Energia Técnica 1.5 kVA,- Equipamento deve ser fornecido pelo MP,"U$450,00"
Venue Services,Press Conference,21367,Press Conference Access for 1 person (journalist) - per match,Acesso à coletiva de imprensa pós-jogo para 1 jornalista.,-,-,free of charge
Venue Services,Press Conference,21368,TV Camera Press Conference Access for 1 person (with 1 ENG camera) - per match,Acesso à coletiva de imprensa pós-jogo para 1 cinegrafista com câmera ENG.,-,-,free of charge
Venue Services,Post-Match,21369,"Team Bus Departure Position, Non-Equipped per match",Posição não equipada para filmar e entrevistar as equipes na saída do estádio.,- Acesso para até 2 pessoas,- Equipamento deve ser fornecido pelo MP,free of charge
Venue Services,One-Camera Package,21411s,"One-Camera Package 3G-SDI SDR (1080p59.94), Option 1 per match",Pacote com câmera e equipamento da HBS para uso na Posição de Apresentação na Linha Lateral.,"- Câmera, tripé, microfones, IFB, intercom, iluminação, monitor e circuitos de contribuição/retorno",- Operador de câmera e talento devem ser do MP,p.o.a
Venue Services,One-Camera Package,21411z,"One-Camera Package HD-SDI SDR (1080i59.94), Option 1 per match",Pacote com câmera e equipamento da HBS para uso na Posição de Apresentação na Linha Lateral.,"- Câmera, tripé, microfones, IFB, intercom, iluminação, monitor e circuitos de contribuição/retorno",- Operador de câmera e talento devem ser do MP,p.o.a
Venue Services,One-Camera Package,21415s,"One-Camera Package 3G-SDI SDR (1080p59.94), Option 2 (inc. Uni. Flash) - per match",Pacote com câmera e equipamento da HBS para uso na Posição na Linha Lateral e Posição de Entrevista Flash Pós-Jogo.,"- Câmera, tripé, microfones, IFB, intercom, iluminação, monitor e circuitos de contribuição/retorno",- Operador de câmera e talento devem ser do MP,p.o.a
Venue Services,One-Camera Package,21415z,"One-Camera Package HD-SDI SDR (1080i59.94), Option 2 (inc. Uni. Flash) - per match",Pacote com câmera e equipamento da HBS para uso na Posição na Linha Lateral e Posição de Entrevista Flash Pós-Jogo.,"- Câmera, tripé, microfones, IFB, intercom, iluminação, monitor e circuitos de contribuição/retorno",- Operador de câmera e talento devem ser do MP,p.o.a
Venue Services,Unilateral Camera,21511,"Camera Position C: Central Platform, cabled - per match",Posição de câmera unilateral pré-cabeda na plataforma central.,- Pré-cabeamento de fibra para o CIR,-,"U$380,00"
Venue Services,Unilateral Camera,21512,"Camera Position C: Central Platform, ENG - per match",Posição de câmera unilateral (ENG) na plataforma central.,-,-,"U$100,00"
Venue Services,Unilateral Camera,21521,Camera Position FL: Field Left cabled - per match,"Posição de câmera unilateral pré-cabeda no nível do campo, à esquerda.",- Pré-cabeamento de fibra para o CIR,-,"U$380,00"
Venue Services,Unilateral Camera,21523,Camera Position FL: Field Left ENG - per match,"Posição de câmera unilateral (ENG) no nível do campo, à esquerda.",-,-,"U$100,00"
Venue Services,Unilateral Camera,21525,Camera Position FR: Field Right cabled - per match,"Posição de câmera unilateral pré-cabeda no nível do campo, à direita.",- Pré-cabeamento de fibra para o CIR,-,"U$380,00"
Venue Services,Unilateral Camera,21527,Camera Position FR: Field Right ENG - per match,"Posição de câmera unilateral (ENG) no nível do campo, à direita.",-,-,"U$100,00"
Venue Services,Other Stadium Services,21611,Parking Space for 1 car per match,"Vaga de estacionamento para 1 carro no estádio, por partida.",-,-,TBD
Venue Services,Other Stadium Services,21621a,"Observer Seat, Group Stage per match",Assento de observador (Fase de Grupos).,-,-,"U$50,00"
Venue Services,Other Stadium Services,21621b,"Observer Seat, Knockout Stage - per match",Assento de observador (Fase Eliminatória).,-,-,"U$75,00"
Venue Services,Other Stadium Services,21621c,"Observer Seat, Opening Match and Final per match",Assento de observador (Jogo de Abertura e Final).,-,-,"U$100,00"
Venue Services,Compound Space,22111,Broadcast Compound Space for 1 x OB-van- SMALL (up to 10m x 4m) per match,Espaço no compound para 1 OB Van pequeno.,- Acesso aos feeds multilaterais do estádio - Acesso a sinal de referência - Acesso a Wi-Fi compartilhado,"- Energia (BTP), circuitos de contribuição e serviços de IP devem ser pedidos separadamente","U$500,00"
Venue Services,Compound Space,22112,Broadcast Compound Space for 1 x OB-van- MEDIUM (up to 14m x 5.2m) - per match,Espaço no compound para 1 OB Van médio.,- Acesso aos feeds multilaterais do estádio - Acesso a sinal de referência - Acesso a Wi-Fi compartilhado,"- Energia (BTP), circuitos de contribuição e serviços de IP devem ser pedidos separadamente","U$750,00"
Venue Services,Compound Space,22113,Broadcast Compound Space for 1 x OB-van- LARGE (up to 22m x 7.35m) per match,Espaço no compound para 1 OB Van grande.,- Acesso aos feeds multilaterais do estádio - Acesso a sinal de referência - Acesso a Wi-Fi compartilhado,"- Energia (BTP), circuitos de contribuição e serviços de IP devem ser pedidos separadamente","U$900,00"
Venue Services,Compound Space,22114,Broadcast Compound Space for 1 x SNG (up to 8m x 4m) per match,Espaço no compound para 1 SNG.,- Acesso aos feeds multilaterais do estádio - Acesso a sinal de referência - Acesso a Wi-Fi compartilhado,"- Energia (BTP), circuitos de contribuição e serviços de IP devem ser pedidos separadamente","U$500,00"
Venue Services,Compound Space,22119,Broadcast Compound Space for 1 x Flyaway Antenna (up to 3m x 2m) - per match,Espaço no compound para 1 antena Flyaway.,- Acesso aos feeds multilaterais do estádio - Acesso a sinal de referência - Acesso a Wi-Fi compartilhado,"- Energia (BTP), circuitos de contribuição e serviços de IP devem ser pedidos separadamente","U$500,00"
Venue Services,Compound Space,22121,Broadcast Compound Parking for 1 support vehicle - SMALL (up to 7m x 2m) - per match,Estacionamento no compound para 1 veículo de suporte pequeno.,-,- Veículos de suporte não têm acesso a feeds ou energia,"U$400,00"
Venue Services,Compound Space,22122,Broadcast Compound Parking for 1 support vehicle - MEDIUM (up to 12m x 2.5m) - per match,Estacionamento no compound para 1 veículo de suporte médio.,-,- Veículos de suporte não têm acesso a feeds ou energia,"U$500,00"
Venue Services,Compound Space,22123,Broadcast Compound Parking for 1 support vehicle - LARGE (up to 18m x 3m) - per match,Estacionamento no compound para 1 veículo de suporte grande.,-,- Veículos de suporte não têm acesso a feeds ou energia,"U$600,00"
Venue Services,Venue Cabins,22211,"Venue Single Cabin, Office - per match",Cabine de escritório (unidade simples) por partida.,"- Espaço, iluminação, energia doméstica, ar condicionado e mobiliário básico","- Energia Técnica (BTP), circuitos e serviços IP devem ser pedidos separadamente",TBD
Venue Services,Venue Cabins,22212,"Venue Single Cabin, Technical - per match",Cabine técnica (unidade simples) por partida.,"- Espaço, iluminação, energia doméstica, ar condicionado e mobiliário básico","- Energia Técnica (BTP), circuitos e serviços IP devem ser pedidos separadamente",TBD
Venue Services,Venue Cabins,22213,"Venue Double Cabin, Office per match",Cabine de escritório (unidade dupla) por partida.,"- Espaço, iluminação, energia doméstica, ar condicionado e mobiliário básico","- Energia Técnica (BTP), circuitos e serviços IP devem ser pedidos separadamente",TBD
Venue Services,Venue Cabins,22214,"Venue Double Cabin, Technical - per match",Cabine técnica (unidade dupla) por partida.,"- Espaço, iluminação, energia doméstica, ar condicionado e mobiliário básico","- Energia Técnica (BTP), circuitos e serviços IP devem ser pedidos separadamente",TBD
Venue Services,Venue Cabins,22215,"Venue Single Cabin, Office - per venue",Cabine de escritório (unidade simples) por sede (duração do evento no local).,"- Espaço, iluminação, energia doméstica, ar condicionado e mobiliário básico","- Energia Técnica (BTP), circuitos e serviços IP devem ser pedidos separadamente",TBD
Venue Services,Venue Cabins,22216,"Venue Single Cabin, Technical - per venue",Cabine técnica (unidade simples) por sede.,"- Espaço, iluminação, energia doméstica, ar condicionado e mobiliário básico","- Energia Técnica (BTP), circuitos e serviços IP devem ser pedidos separadamente",TBD
Venue Services,Venue Cabins,22217,"Venue Double Cabin, Office per venue",Cabine de escritório (unidade dupla) por sede.,"- Espaço, iluminação, energia doméstica, ar condicionado e mobiliário básico","- Energia Técnica (BTP), circuitos e serviços IP devem ser pedidos separadamente",TBD
Venue Services,Venue Cabins,22218,"Venue Double Cabin, Technical - per venue",Cabine técnica (unidade dupla) por sede.,"- Espaço, iluminação, energia doméstica, ar condicionado e mobiliário básico","- Energia Técnica (BTP), circuitos e serviços IP devem ser pedidos separadamente",TBD
Venue Services,Venue Cabins,22229,Cabin Additional Air Conditioning 5.2kW - per venue,Ar condicionado adicional para cabines técnicas.,-,-,TBD
Venue Services,Compound Feeds,22311h,"ISO 1, Camera 1, 3G-SDI HDR (1080p59.94)",Acesso ao feed isolado da câmera 1 no compound.,-,-,"U$340,00"
Venue Services,Compound Feeds,22311s,"ISO 1, Camera 1, 3G-SDI SDR (1080p59.94)",Acesso ao feed isolado da câmera 1 no compound.,-,-,"U$340,00"
Venue Services,Compound Feeds,22312h,"ISO 2, 16m Camera High Left, 3G-SDI HDR (1080p59.94)",Acesso ao feed isolado da câmera 16m alta esquerda no compound.,-,-,"U$340,00"
Venue Services,Compound Feeds,22312s,"ISO 2, 16m Camera High Left, 3G-SDI SDR (1080p59.94)",Acesso ao feed isolado da câmera 16m alta esquerda no compound.,-,-,"U$340,00"
Venue Services,Compound Feeds,22323h,"Uni Dressing Room Stand-Up A/B Feed, 3G-SDI HDR (1080p59.94)",Acesso ao feed dos stand-ups no vestiário no compound.,-,-,"U$340,00"
Venue Services,Compound Feeds,22323s,"Uni Dressing Room Stand-Up A/B Feed, 3G-SDI SDR (1080p59.94)",Acesso ao feed dos stand-ups no vestiário no compound.,-,-,"U$340,00"
Venue Services,Compound Feeds,22324h,"Clips Action, 3G-SDI HDR (1080p59.94) per match","Acesso ao feed ""Clips Action"" no compound.",-,-,"U$700,00"
Venue Services,Compound Feeds,22324s,"Clips Action, 3G-SDI SDR (1080p59.94) per match","Acesso ao feed ""Clips Action"" no compound.",-,-,"U$700,00"
Venue Services,MP Active Equipment Room,22411,Space at the MP Equipment Room for Active Equipment per match,Espaço em uma sala de equipamentos compartilhada para MPs sem cabine ou OB Van.,- Espaço de aprox. 1 m² - Energia Técnica (BTP) 3kVA - Ar condicionado compartilhado,- Circuito de contribuição deve ser pedido separadamente,"U$800,00"
Venue Services,Telecom Circuits,23111h,Unilateral VandA 3G-SDI HDR (1080p59.94) Venue to IBC - 2 Days (MD and MD-1),Circuito de vídeo e áudio do estádio para o IBC por 2 dias.,-,-,"U$10.700,00"
Venue Services,Telecom Circuits,23111s,Unilateral VandA 3G-SDI SDR (1080p59.94) Venue to IBC - 2 Days (MD and MD-1),Circuito de vídeo e áudio do estádio para o IBC por 2 dias.,-,-,"U$10.700,00"
Venue Services,Telecom Circuits,23111z,Unilateral VandA HD-SDI SDR (1080i59.94) Venue to IBC-2 Days (MD and MD-1),Circuito de vídeo e áudio do estádio para o IBC por 2 dias.,-,-,"U$10.700,00"
Venue Services,Telecom Circuits,23115h,Return VandA 3G-SDI HDR (1080p59.94) IBC to Venue - Match Day,Circuito de retorno de vídeo e áudio do IBC para o estádio no dia do jogo.,-,-,"U$5.500,00"
Venue Services,Telecom Circuits,23115s,Return VandA 3G-SDI SDR (1080p59.94) IBC to Venue - Match Day,Circuito de retorno de vídeo e áudio do IBC para o estádio no dia do jogo.,-,-,"U$5.500,00"
Venue Services,Telecom Circuits,23115z,Return VandA HD-SDI SDR (1080i59.94) IBC to Venue - Match Day,Circuito de retorno de vídeo e áudio do IBC para o estádio no dia do jogo.,-,-,"U$5.500,00"
Venue Services,Telecom Circuits,23117h,Return VandA 3G-SDI HDR (1080p59.94) IBC to Venue - 2 Days (MD and MD-1),Circuito de retorno de vídeo e áudio do IBC para o estádio por 2 dias.,-,-,"U$7.100,00"
Venue Services,Telecom Circuits,23117s,Return VandA 3G-SDI SDR (1080p59.94) IBC to Venue - 2 Days (MD and MD-1),Circuito de retorno de vídeo e áudio do IBC para o estádio por 2 dias.,-,-,"U$7.100,00"
Venue Services,Telecom Circuits,23117z,Return VandA HD-SDI SDR (1080i59.94) IBC to Venue - 2 Days (MD and MD-1),Circuito de retorno de vídeo e áudio do IBC para o estádio por 2 dias.,-,-,"U$7.100,00"
Venue Services,Telecom Circuits,23121,"1 Gigabit Ethernet circuit (GbE), Venue to IBC - 2 Days (MD and MD-1)",Circuito de dados GbE do estádio para o IBC por 2 dias.,-,-,"U$23.600,00"
Venue Services,Telecom Circuits,23131,Additional Coordination Circuit from CIR to IBC per match,Circuito de coordenação de áudio adicional da sala de interconexão de cabos (CIR) para o IBC.,-,-,"U$810,00"
Venue Services,Unilateral Graphics,24111h,"2D Own-(Latin char.) Language Graphics, Key & Fill, 3G-SDI HDR (1080p59.94) per match",Gráficos no idioma do parceiro entregues como sinais Key e Fill para inserção própria sobre o CSF.,- Gráficos 2D Key & Fill - Monitoramento e suporte técnico,-,"U$4.200,00"
Venue Services,Unilateral Graphics,24111s,"2D Own-(Latin char.) Language Graphics, Key & Fill, 3G-SDI SDR (1080p59.94) per match",Gráficos no idioma do parceiro entregues como sinais Key e Fill para inserção própria sobre o CSF.,- Gráficos 2D Key & Fill - Monitoramento e suporte técnico,-,"U$4.200,00"
Venue Services,Unilateral Graphics,24121,"Permanent Clock & Score, Key & Fill - per match",Opção para gráficos unilaterais: placar e cronômetro permanentes na tela (Key & Fill).,-,- Só pode ser reservado em conjunto com o serviço 24111,free of charge
Venue Services,Unilateral Graphics,24125,Clock & Score with On-Screen Sponsor Credit - per match,Opção para gráficos unilaterais: placar e cronômetro com crédito de patrocinador.,-,- Só pode ser reservado em conjunto com o serviço 24111,p.o.a
FIFA Non-Live Content,FIFA MAX Services,31111,FIFA MAX - High-Speed Broadcast Access - PREMIUM SERVICE - HD 1080p 59.94 SDR,Acesso de alta velocidade (XAVC) a todo o conteúdo não-vivo da FIFA.,- 1 login - 5 TB de transferência de dados - 1 local de entrega dedicado,-,"U$55.000,00"
FIFA Non-Live Content,FIFA MAX Services,31121,FIFA MAX - Standard Internet Access - WEB-BASED SERVICE - HTTP Web Download,Acesso via download HTTP a conteúdo não-vivo da FIFA em formato H264.,- 1 login - 1 TB de transferência de dados,- Não pode ser combinado com os add-ons do serviço Premium,"U$22.000,00"
FIFA Non-Live Content,FIFA MAX Services,31131,FIFA MAX-RADIO SERVICE - Audio,Acesso a conteúdo de áudio não-vivo para parceiros de rádio.,- Download via HTTP em formato WAV ou MP3,-,"U$2.000,00"
FIFA Non-Live Content,Add-ons,31211,FIFA MAX Premium Service - Additional Login,Login adicional (apenas para navegação) para o serviço Premium.,- 1 login adicional para navegação,-,"U$6.300,00"
FIFA Non-Live Content,Add-ons,31221,FIFA MAX Premium Service - Additional Delivery Location,Local de entrega adicional para o serviço Premium.,- 1 local de entrega adicional - 5TB de transferência de conteúdo,-,"U$13.700,00"
FIFA Non-Live Content,Add-ons,31231,"FIFA MAX Premium Service - Transcode to Interlaced format, 59.94Hz, XDCAM HD 4:2:2",Transcodificação de conteúdo para formato XDCAM HD 4:2:2.,-,-,"U$18.700,00"
FIFA Non-Live Content,Add-ons,31232,"FIFA MAX Premium Service - Transcode to Interlaced format, 59.94Hz, AVC Intra 100 4:2:2",Transcodificação de conteúdo para formato AVC Intra 100 4:2:2.,-,-,"U$18.700,00"
FIFA Non-Live Content,Add-ons,31233,"FIFA MAX Premium Service Transcode to Interlaced format, 59.94Hz, DNxHD120",Transcodificação de conteúdo para formato DNxHD120.,-,-,"U$18.700,00"
FIFA Non-Live Content,Add-ons,31241,FIFA MAX Premium Service Frame Rate Conversion to 50Hz,Conversão da taxa de quadros do conteúdo de 59.94Hz para 50Hz.,-,-,p.o.a
FIFA Non-Live Content,Add-ons,31251,FIFA MAX Premium Service Content Transfer per 1TB,Transferência de conteúdo adicional (por 1TB) acima da cota.,-,-,"U$4.000,00"
Satellite & Off-site,Satellite Distribution,41111,World Feed - Satellite Distribution Europe per match,"Distribuição do sinal World Feed via satélite para a Europa, por partida.",- Uplink com backup - Segmento espacial - Acesso para um ponto de recepção - Suporte e coordenação,-,"U$2.950,00"
Satellite & Off-site,Satellite Distribution,41115,World Feed - Satellite Distribution Europe 104 matches,"Distribuição do sinal World Feed via satélite para a Europa, para todos os 104 jogos.",- Uplink com backup - Segmento espacial - Acesso para um ponto de recepção - Suporte e coordenação,-,"U$149.000,00"
Satellite & Off-site,Satellite Distribution,41121,World Feed - Satellite Distribution Asia per match,"Distribuição do sinal World Feed via satélite para a Ásia, por partida.",- Uplink com backup - Segmento espacial - Acesso para um ponto de recepção - Suporte e coordenação,-,"U$2.950,00"
Satellite & Off-site,Satellite Distribution,41125,World Feed Satellite Distribution Asia 104 matches,"Distribuição do sinal World Feed via satélite para a Ásia, para todos os 104 jogos.",- Uplink com backup - Segmento espacial - Acesso para um ponto de recepção - Suporte e coordenação,-,"U$149.000,00"
Satellite & Off-site,Satellite Distribution,41131,World Feed - Satellite Distribution America per match,"Distribuição do sinal World Feed via satélite para as Américas, por partida.",- Uplink com backup - Segmento espacial - Acesso para um ponto de recepção - Suporte e coordenação,-,"U$2.950,00"
Satellite & Off-site,Satellite Distribution,41135,World Feed - Satellite Distribution America 104 matches,"Distribuição do sinal World Feed via satélite para as Américas, para todos os 104 jogos.",- Uplink com backup - Segmento espacial - Acesso para um ponto de recepção - Suporte e coordenação,-,"U$149.000,00"
Satellite & Off-site,Satellite & SRT,41211,World Feed - Satellite & SRT Distribution Europe 104 matches,"Pacote de distribuição do World Feed via Satélite e SRT para a Europa, para os 104 jogos.",-,-,"U$190.000,00"
Satellite & Off-site,Satellite & SRT,41221,World Feed Satellite & SRT Distribution Asia 104 matches,"Pacote de distribuição do World Feed via Satélite e SRT para a Ásia, para os 104 jogos.",-,-,"U$190.000,00"
Satellite & Off-site,Satellite & SRT,41231,World Feed - Satellite & SRT Distribution America 104 matches,"Pacote de distribuição do World Feed via Satélite e SRT para as Américas, para os 104 jogos.",-,-,"U$190.000,00"
Satellite & Off-site,Off-site Access,42111s,Multi-Feeds Package via SRT (SDR 1080p59.94) - 104 matches,Acesso remoto via streaming SRT a um pacote de feeds multilaterais.,"- Feeds: ESF, Team A, Team B, Fan & Reaction, ISO 5 (Stadium Beauty)",-,"U$210.000,00"
Satellite & Off-site,Off-site Access,42214s,Multi-Feeds & MP Router via SRT (SDR 1080p59.94) 104 matches,Pacote combinado de acesso remoto via SRT aos Multi-Feeds e ao MP Router.,- Todos os feeds do pacote Multi-Feeds e todos os feeds acessíveis via MP Router,-,"U$245.000,00"
Satellite & Off-site,Audio Turnaround,42311,Radio International Sound (RIS) Streaming Service - 104 matches,Acesso remoto ao som internacional de rádio (RIS) através de uma interface de streaming web.,- Streaming de baixa resolução do vídeo da partida,-,"U$8.200,00"
Satellite & Off-site,Audio Turnaround,42321,Radio International Sound (RIS) IP Turnaround 104 matches,Turnaround via IP do som internacional de rádio (RIS) para o país de origem do MP (pacote de 104 jogos).,- Codec IP operado pela HBS no CSC,-,"U$17.520,00"
Satellite & Off-site,Audio Turnaround,42325,Radio International Sound (RIS) IP Turnaround - per match,Turnaround via IP do som internacional de rádio (RIS) para o país de origem do MP (por partida).,- Codec IP operado pela HBS no CSC,-,"U$270,00"
Satellite & Off-site,International Transmissions,43111,IBC Turnaround and International Transmission per 10 minutes,Transmissão internacional de conteúdo unilateral (slots de 10 minutos).,- Turnaround no IBC - Transmissão do sinal HD 1080i,-,TBD
Satellite & Off-site,International Transmissions,43121,IBC Turnaround and International Transmission - per hour,Transmissão internacional de conteúdo unilateral (por hora).,- Turnaround no IBC - Transmissão do sinal HD 1080i,-,TBD
IP Services,IBC IP Services,51121,IBC Internet access for IP Audio Codec 10 Mbps,"Acesso à internet no IBC com 10 Mbps, otimizado para codecs de áudio IP.",-,-,"U$2.120,00"
IP Services,IBC IP Services,51131,IBC Internet Access 20Mbps,Acesso à internet dedicada no IBC com 20 Mbps.,-,-,"U$3.300,00"
IP Services,IBC IP Services,51133,IBC Internet Access 50Mbps,Acesso à internet dedicada no IBC com 50 Mbps.,-,-,"U$4.480,00"
IP Services,IBC IP Services,51135,IBC Internet Access 100Mbps,Acesso à internet dedicada no IBC com 100 Mbps.,-,-,"U$7.890,00"
IP Services,Venue IP Services,52111,ComPos Internet Access for IP Codec per match,"Acesso à internet na posição de comentário, por partida, para codec de áudio IP.",-,-,"U$490,00"
IP Services,Venue IP Services,52121,ComPos Internet Access 20Mbps per match,"Acesso à internet dedicada de 20 Mbps na posição de comentário, por partida.",-,-,"U$790,00"
Digital Services,Digital Solutions,61111,XR Experience Lite,Experiência imersiva de Realidade Mista (AR/VR) para o público.,- Stream da partida - Conteúdo near-live e non-live - Recreação 3D do campo com dados em tempo real,- O serviço ainda está em desenvolvimento e sujeito a confirmações,TBD
Digital Services,Digital Solutions,61121,Datatainment,Stream da partida enriquecido com gráficos de dados e estatísticas em tempo real.,-,-,TBD
Digital Services,Digital Solutions,61131,Virtual Recreation Stream,"Transmissão da partida em formato de animação virtual, baseada em dados de rastreamento.",-,-,TBD
Digital Services,Digital Solutions,61141,Match Buddy Premium,Stream customizável com dados em tempo real sincronizados.,-,-,TBD
Digital Services,Digital Solutions,61151,Match Buddy Lite,Stream com dados em tempo real pré-definidos.,-,-,TBD
Digital Services,Digital Solutions,61161,Fast Playlist Premium,Solução de streaming 24/7 com controle total sobre o conteúdo e monetização.,-,-,TBD
Digital Services,Digital Solutions,61171,Fast Playlist Lite,Solução de streaming 24/7 com uma ordem de exibição pré-configurada.,-,-,TBD
Digital Services,Digital Solutions,61181,Social Media Live,Streaming de momentos exclusivos do torneio diretamente para plataformas de mídia social.,-,-,TBD
Digital Services,Technical Solutions,61221,Data Portal - Match Data,Acesso a dados oficiais da partida em tempo real através de um portal.,-,-,TBD
Digital Services,Technical Solutions,61231,Data Portal - Broadcast Graphics Data,Acesso a dados para integração em gráficos de transmissão on-air.,-,-,TBD
Digital Services,Technical Solutions,61241,Data Portal - Tracking Data,Acesso a dados brutos de rastreamento de jogadores e bola.,-,-,TBD
Digital Services,Technical Solutions,61251,Data Portal Bundle - 2 Components,"Pacote com 2 componentes do Data Portal (Match Data, Broadcast Graphics ou Tracking Data).",-,-,TBD
Digital Services,Technical Solutions,61252,Data Portal Bundle - 3 Components,"Pacote com os 3 componentes do Data Portal (Match Data, Broadcast Graphics e Tracking Data).",-,-,TBD
Digital Services,Technical Solutions,61261,Remote Commentary 1 Commentator per stream,Solução em nuvem para sobrepor o áudio de 1 comentarista ao stream da partida.,-,-,TBD
Digital Services,Technical Solutions,61262,Remote Commentary - Additional Commentator per stream,Adicionar um comentarista extra ao serviço de Comentário Remoto.,-,-,TBD
Digital Services,Technical Solutions,61271,Remote Graphics,Solução em nuvem para sobrepor gráficos customizados ao stream da partida.,-,-,TBD
Digital Services,Web CIS,62111,Web CIS Licence event duration,Acesso remoto online ao Commentator Information System (CIS) com estatísticas em tempo real.,"- Calendário, classificações, escalações, eventos e estatísticas da partida, mensagens do VAR",-,TBD